time,χ,ϕ,p,e
5209.13,3.1415927,0.0,11.866691,0.085
5210.702,3.1506019,0.024364047,11.856604,0.0855471
5212.275,3.1596315,0.048749663,11.846562,0.08606648
5213.847,3.1686766,0.073143356,11.836573,0.086558476
5215.4194,3.177741,0.09755433,11.826631,0.087023884
5216.992,3.1868277,0.12199186,11.816733,0.0874635
5218.5645,3.1959317,0.14644238,11.806888,0.087877676
5220.137,3.205059,0.17092276,11.797086,0.08826733
5221.7095,3.2142053,0.19541933,11.787334,0.0886328
5223.2817,3.223373,0.21994123,11.777629,0.088974774
5224.8545,3.232566,0.2444976,11.767968,0.08929392
5226.427,3.2417796,0.2690747,11.758356,0.089590594
5227.999,3.2510161,0.29368174,11.748791,0.08986548
5229.572,3.26028,0.31832784,11.739267,0.09011921
5231.144,3.2695653,0.3429992,11.729793,0.09035216
5232.7163,3.278876,0.36770484,11.720364,0.09056492
5234.289,3.2882152,0.39245388,11.710977,0.090758026
5235.8613,3.2975776,0.4172324,11.701637,0.09093187
5237.434,3.3069696,0.44205716,11.692339,0.091087036
5239.0063,3.316386,0.46691415,11.683088,0.09122394
5240.5786,3.32583,0.4918125,11.673882,0.091343105
5242.1514,3.3353055,0.51676124,11.664716,0.09144501
5243.7236,3.3448064,0.54174614,11.655596,0.09153002
5245.296,3.3543367,0.56677634,11.646519,0.0915986
5246.8687,3.3639,0.5918609,11.637483,0.091651194
5248.441,3.37349,0.6169855,11.628491,0.09168821
5250.013,3.3831112,0.6421592,11.619543,0.09171009
5251.586,3.3927662,0.6673912,11.610634,0.09171724
5253.158,3.4024503,0.6926668,11.601769,0.09171002
5254.731,3.4121692,0.7180032,11.592943,0.09168882
5256.303,3.421918,0.7433856,11.584162,0.09165402
5257.8755,3.4316995,0.76882327,11.575421,0.09160598
5259.448,3.4415176,0.7943252,11.566719,0.09154509
5261.0205,3.4513667,0.8198767,11.558061,0.09147172
5262.593,3.4612503,0.8454868,11.549442,0.09138619
5264.1655,3.4711719,0.8711647,11.540861,0.0912888
5265.738,3.4811254,0.8968954,11.532322,0.091179945
5267.31,3.4911149,0.922688,11.523823,0.091059916
5268.883,3.5011435,0.9485517,11.515361,0.090929
5270.455,3.5112057,0.9744715,11.506941,0.090787604
5272.0273,3.5213048,1.0004565,11.498559,0.09063599
5273.6,3.5314445,1.0265156,11.490213,0.09047438
5275.1724,3.5416188,1.0526339,11.48191,0.090303175
5276.745,3.5518346,1.0788285,11.47364,0.090122536
5278.3174,3.5620859,1.105084,11.465412,0.08993288
5279.8896,3.5723763,1.1314098,11.457222,0.08973443
5281.4624,3.5827093,1.1578149,11.449066,0.089527376
5283.0347,3.5930789,1.1842837,11.44095,0.08931211
5284.607,3.6034887,1.2108256,11.432871,0.089088805
5286.1797,3.6139421,1.2374496,11.424827,0.08885764
5287.752,3.6244335,1.2641402,11.416821,0.088619016
5289.324,3.6349664,1.2909064,11.408851,0.08837311
5290.897,3.645544,1.3177576,11.400915,0.088120066
5292.469,3.6561606,1.3446779,11.393017,0.08786027
5294.042,3.666823,1.3716849,11.385152,0.08759377
5295.6143,3.6775246,1.3987626,11.377325,0.08732096
5297.1865,3.6882694,1.4259201,11.369534,0.08704196
5298.7593,3.6990612,1.453167,11.361774,0.0867569
5300.3315,3.7098935,1.4804869,11.354053,0.08646617
5301.904,3.72077,1.507889,11.346364,0.086169876
5303.4766,3.7316942,1.535383,11.338709,0.08586811
5305.049,3.7426598,1.562952,11.331089,0.085561246
5306.621,3.7536707,1.5906057,11.3235035,0.08524937
5308.194,3.7647305,1.6183534,11.3159485,0.08493258
5309.766,3.7758324,1.6461784,11.30843,0.08461126
5311.339,3.7869842,1.6740987,11.300941,0.08428536
5312.911,3.7981787,1.7020979,11.2934885,0.08395528
5314.4834,3.80942,1.730185,11.286068,0.08362105
5316.056,3.8207119,1.7583697,11.278678,0.08328274
5317.6284,3.8320472,1.7866349,11.271322,0.08294071
5319.2007,3.8434303,1.81499,11.263999,0.08259503
5320.7734,3.8548648,1.8434447,11.256705,0.08224574
5322.3457,3.8663437,1.8719817,11.249445,0.08189319
5323.918,3.877871,1.9006106,11.242216,0.08153742
5325.4907,3.8894508,1.9293406,11.235017,0.08117845
5327.063,3.9010756,1.9581546,11.22785,0.08081665
5328.6357,3.912753,1.987071,11.220713,0.08045192
5330.208,3.9244766,2.0160725,11.213608,0.08008464
5331.7803,3.9362497,2.0451686,11.206533,0.079714805
5333.353,3.9480762,2.0743685,11.199487,0.079342425
5334.9253,3.9599493,2.103655,11.1924715,0.078967854
5336.4976,3.9718726,2.1330373,11.185488,0.078591086
5338.0703,3.9838502,2.1625252,11.17853,0.07821213
5339.6426,3.995875,2.192101,11.171604,0.077831335
5341.215,4.0079503,2.2217739,11.164708,0.077448696
5342.7876,4.020081,2.2515538,11.157838,0.077064194
5344.36,4.032259,2.2814224,11.151,0.07667817
5345.9326,4.0444927,2.3113987,11.144188,0.07629049
5347.505,4.056774,2.3414648,11.137405,0.075901486
5349.077,4.0691075,2.3716297,11.130652,0.07551114
5350.65,4.0814967,2.4019039,11.123925,0.07511944
5352.222,4.093934,2.4322684,11.117228,0.07472671
5353.7944,4.1064243,2.4627328,11.110558,0.074332915
5355.367,4.118971,2.4933074,11.103913,0.07393802
5356.9395,4.131566,2.523973,11.097298,0.07354236
5358.5117,4.1442146,2.5547397,11.09071,0.07314588
5360.0845,4.1569195,2.585617,11.0841465,0.072748564
5361.6567,4.169674,2.6165862,11.077613,0.07235073
5363.2295,4.1824856,2.647667,11.071103,0.0719522
5364.802,4.1953464,2.6788394,11.064622,0.071553305
5366.374,4.208261,2.7101142,11.0581665,0.071153976
5367.947,4.221233,2.7415006,11.051736,0.07075418
5369.519,4.234255,2.7729797,11.045333,0.07035422
5371.0913,4.24733,2.8045614,11.038955,0.06995406
5372.664,4.2604637,2.8362553,11.032601,0.06955363
5374.2363,4.273647,2.868042,11.026275,0.069153234
5375.8086,4.286884,2.8999314,11.019973,0.06875282
5377.3813,4.300179,2.9319334,11.013695,0.06835232
5378.9536,4.3135242,2.9640284,11.007442,0.06795204
5380.526,4.326924,2.9962263,11.001216,0.06755192
5382.0986,4.3403816,3.028537,10.995011,0.06715188
5383.671,4.3538895,3.0609405,10.988833,0.06675224
5385.2437,4.3674555,3.0934567,10.982677,0.06635279
5386.816,4.381072,3.126066,10.976547,0.06595383
5388.388,4.3947425,3.1587777,10.970442,0.06555529
5389.961,4.4084716,3.1916022,10.964357,0.0651571
5391.533,4.4222507,3.224519,10.958299,0.064759545
5393.1055,4.436084,3.2575386,10.952263,0.064362556
5394.678,4.449976,3.2906704,10.946249,0.06396604
5396.2505,4.4639173,3.323894,10.940259,0.0635703
5397.8228,4.4779134,3.3572197,10.934293,0.06317524
5399.3955,4.4919677,3.3906577,10.928348,0.0627808
5400.968,4.5060716,3.4241867,10.922426,0.062387243
5402.5405,4.520234,3.4578276,10.916526,0.061994374
5404.113,4.5344462,3.4915593,10.910649,0.061602473
5405.685,4.548712,3.5253916,10.904795,0.06121145
5407.258,4.563036,3.5593352,10.898961,0.060821217
5408.83,4.577409,3.5933685,10.89315,0.060432054
5410.4023,4.591836,3.627502,10.887362,0.060043875
5411.975,4.606321,3.6617455,10.881593,0.05965659
5413.5474,4.6208544,3.6960778,10.875847,0.059270468
5415.1196,4.6354413,3.730509,10.870122,0.058885414
5416.6924,4.650086,3.7650495,10.864417,0.05850134
5418.2646,4.6647787,3.7996776,10.858734,0.05811852
5419.8374,4.6795287,3.834414,10.85307,0.057736732
5421.4097,4.6943274,3.8692372,10.847429,0.05735625
5422.982,4.709178,3.9041574,10.841808,0.05697697
5424.5547,4.724086,3.9391847,10.836206,0.056598805
5426.127,4.739041,3.974297,10.8306265,0.056222007
5427.699,4.7540483,4.009505,10.825067,0.055846486
5429.272,4.769112,4.0448184,10.819525,0.055472147
5430.844,4.7842226,4.0802155,10.814004,0.055099245
5432.4165,4.799384,4.1157064,10.808504,0.05472768
5433.9893,4.814602,4.1513014,10.803021,0.054357357
5435.5615,4.829866,4.186978,10.79756,0.053988528
5437.1343,4.845185,4.222758,10.792115,0.053620975
5438.7065,4.86055,4.258618,10.786693,0.053254947
5440.279,4.875965,4.294569,10.781288,0.05289035
5441.8516,4.8914347,4.3306212,10.775902,0.052527085
5443.424,4.9069495,4.366752,10.770535,0.052165393
5444.996,4.9225135,4.4029713,10.765187,0.05180517
5446.569,4.9381313,4.43929,10.759856,0.051446322
5448.141,4.953793,4.4756846,10.754545,0.05108909
5449.7134,4.9695034,4.512166,10.749253,0.05073337
5451.286,4.9852667,4.5487447,10.743977,0.050379068
5452.8584,5.0010734,4.5853972,10.73872,0.050026413
5454.431,5.0169325,4.6221457,10.73348,0.049675196
5456.0034,5.0328336,4.658966,10.728259,0.04932565
5457.5757,5.048782,4.6958694,10.723056,0.048977666
5459.1484,5.064781,4.732866,10.717869,0.048631158
5460.7207,5.0808225,4.7699323,10.712701,0.048286345
5462.293,5.096909,4.807079,10.707549,0.04794313
5463.8657,5.1130466,4.8443165,10.702414,0.04760141
5465.438,5.129224,4.8816214,10.697297,0.04726141
5467.0103,5.1454463,4.9190035,10.692197,0.046923026
5468.583,5.1617184,4.9564743,10.687113,0.046586163
5470.1553,5.178029,4.9940095,10.682046,0.04625104
5471.728,5.194389,5.0316315,10.676994,0.045917448
5473.3003,5.2107863,5.0693154,10.671962,0.045585606
5474.8726,5.227227,5.107073,10.6669445,0.045255408
5476.4453,5.243716,5.144914,10.661942,0.044926763
5478.0176,5.260241,5.182815,10.656958,0.044599876
5479.59,5.276808,5.220786,10.651989,0.04427465
5481.1626,5.2934213,5.258838,10.647035,0.043950994
5482.735,5.31007,5.296947,10.642097,0.043629102
5484.307,5.3267593,5.3351235,10.637176,0.04330888
5485.88,5.343494,5.373378,10.632269,0.042990234
5487.452,5.360263,5.411686,10.627378,0.042673364
5489.025,5.3770766,5.4500704,10.622502,0.04235807
5490.597,5.3939233,5.4885063,10.617642,0.042044558
5492.1694,5.410808,5.5270047,10.612798,0.041732725
5493.742,5.4277363,5.5655766,10.607967,0.04142248
5495.3145,5.444697,5.6041965,10.603152,0.04111401
5496.8867,5.461694,5.6428757,10.598353,0.040807225
5498.4595,5.4787326,5.6816254,10.593567,0.040502027
5500.0317,5.4958024,5.7204204,10.588797,0.040198606
5501.604,5.5129075,5.7592716,10.584041,0.039896872
5503.177,5.530053,5.79819,10.579297,0.039596725
5504.749,5.547228,5.837151,10.574571,0.039298356
5506.3213,5.564437,5.876165,10.569858,0.039001662
5507.894,5.581685,5.9152427,10.565157,0.03870656
5509.4663,5.598961,5.9543595,10.5604725,0.038413227
5511.039,5.616275,5.993539,10.5558,0.03812148
5512.6113,5.633616,6.0327544,10.551144,0.0378315
5514.1836,5.650989,6.072018,10.5465,0.037543193
5515.7563,5.6683984,6.111341,10.541869,0.037256468
5517.3286,5.685834,6.1506977,10.537253,0.0369715
5518.901,5.7032995,6.1900992,10.532651,0.036688194
5520.4736,5.7208004,6.2295566,10.52806,0.03640647
5522.046,5.7383256,6.269045,10.523484,0.036126487
5523.618,5.75588,6.3085747,10.518922,0.035848163
5525.191,5.773468,6.3481574,10.51437,0.035571408
5526.763,5.791079,6.387768,10.509833,0.035296384
5528.336,5.8087234,6.427429,10.505308,0.03502293
5529.908,5.8263893,6.4671164,10.500797,0.0347512
5531.4805,5.844082,6.5068398,10.496299,0.03448111
5533.053,5.861807,6.546612,10.491813,0.034212567
5534.6255,5.8795514,6.5864058,10.487339,0.033945743
5536.1978,5.897322,6.626234,10.482879,0.033680547
5537.7705,5.915123,6.666107,10.478429,0.03341689
5539.343,5.932943,6.7060003,10.473993,0.03315493
5540.915,5.950787,6.745924,10.469569,0.032894585
5542.488,5.9686604,6.7858906,10.465157,0.03263577
5544.06,5.9865513,6.8258734,10.460757,0.03237864
5545.633,6.004471,6.865897,10.456368,0.03212303
5547.205,6.022407,6.905936,10.451992,0.03186909
5548.7773,6.040365,6.9460006,10.447628,0.03161674
5550.35,6.0583506,6.9861035,10.4432745,0.031365898
5551.9224,6.0763516,7.0262184,10.438933,0.031116713
5553.4946,6.0943737,7.066357,10.434605,0.030869098
5555.0674,6.1124215,7.1065316,10.430285,0.030622978
5556.6396,6.1304836,7.1467156,10.425979,0.030378494
5558.212,6.1485653,7.1869206,10.421683,0.030135566
5559.7847,6.1666718,7.2271585,10.417398,0.029894115
5561.357,6.1847916,7.267404,10.413125,0.029654285
5562.9297,6.202935,7.3076806,10.408862,0.029415919
5564.502,6.2210917,7.347963,10.404611,0.02917916
5566.074,6.2392654,7.3882627,10.400371,0.028943928
5567.647,6.2574625,7.4285913,10.39614,0.028710146
5569.219,6.275671,7.4689236,10.391922,0.028477952
5570.7915,6.293896,7.5092707,10.387714,0.028247267
5572.3643,6.3121433,7.549645,10.383515,0.028018015
5573.9365,6.3304005,7.5900207,10.379329,0.02779033
5575.509,6.3486733,7.6304097,10.375153,0.027564136
5577.0815,6.3669677,7.670823,10.370985,0.027339356
5578.654,6.385271,7.7112365,10.366829,0.027116125
5580.2266,6.403595,7.751673,10.362682,0.026894297
5581.799,6.4219275,7.792108,10.358547,0.026674002
5583.371,6.4402742,7.832553,10.354422,0.026455168
5584.944,6.458641,7.8730197,10.350306,0.026237717
5586.516,6.477015,7.9134827,10.3462,0.026021779
5588.0884,6.495403,7.953954,10.342104,0.02580728
5589.661,6.513809,7.9944463,10.338017,0.025594149
5591.2334,6.5322227,8.034932,10.3339405,0.025382511
5592.8057,6.5506487,8.075426,10.329874,0.025172291
5594.3784,6.5690928,8.115938,10.325816,0.02496342
5595.9507,6.587543,8.156444,10.321769,0.02475602
5597.5234,6.606011,8.196967,10.317729,0.024549956
5599.0957,6.624485,8.237483,10.313701,0.02434535
5600.668,6.64297,8.278004,10.309681,0.024142127
5602.2407,6.6614723,8.318542,10.30567,0.023940224
5603.813,6.67998,8.35907,10.301668,0.023739755
5605.3853,6.6984982,8.399602,10.297676,0.023540653
5606.958,6.717033,8.440149,10.293692,0.02334285
5608.5303,6.7355723,8.480688,10.289718,0.023146458
5610.1025,6.754122,8.521228,10.285752,0.022951415
5611.6753,6.7726874,8.561783,10.281795,0.022757648
5613.2476,6.7912574,8.602327,10.277846,0.022565275
5614.82,6.8098373,8.642874,10.273908,0.022374228
5616.3926,6.8284326,8.683434,10.269976,0.02218444
5617.965,6.8470316,8.723983,10.266054,0.021996023
5619.5376,6.865646,8.7645445,10.262139,0.021808855
5621.11,6.8842635,8.805095,10.258234,0.021623041
5622.682,6.9028907,8.845645,10.254337,0.02143852
5624.255,6.9215326,8.886209,10.250448,0.021255227
5625.827,6.9401774,8.92676,10.246568,0.021073269
5627.3994,6.958832,8.967312,10.242696,0.020892583
5628.972,6.9775004,9.007875,10.238831,0.020713106
5630.5444,6.996172,9.048426,10.234975,0.020534944
5632.1167,7.0148525,9.088977,10.231127,0.020358032
5633.6895,7.0335474,9.1295395,10.227285,0.02018231
5635.2617,7.0522447,9.170089,10.2234535,0.02000788
5636.8345,7.0709567,9.21065,10.219628,0.019834628
5638.4067,7.0896716,9.251199,10.215812,0.019662656
5639.979,7.1083946,9.291747,10.212003,0.019491902
5641.552,7.127132,9.332307,10.2082,0.019322304
5643.124,7.1458716,9.372854,10.204407,0.019153966
5644.6963,7.16462,9.4134,10.200621,0.018986827
5646.269,7.1833825,9.453958,10.19684,0.018820826
5647.8413,7.2021475,9.494503,10.1930685,0.018656062
5649.4136,7.220921,9.535048,10.189304,0.018492477
5650.9863,7.239709,9.575604,10.185547,0.018330013
5652.5586,7.258499,9.616148,10.181797,0.018168766
5654.1313,7.2773037,9.656704,10.178054,0.018008627
5655.7036,7.2961106,9.6972475,10.174318,0.017849691
5657.276,7.314926,9.73779,10.17059,0.017691901
5658.8486,7.333756,9.778346,10.166867,0.017535202
5660.421,7.3525887,9.81889,10.163153,0.017379684
5661.993,7.37143,9.859433,10.159446,0.017225295
5663.566,7.3902855,9.89999,10.155744,0.017071977
5665.138,7.4091444,9.940535,10.15205,0.016919822
5666.7104,7.4280114,9.98108,10.148362,0.016768774
5668.283,7.4468937,10.021639,10.14468,0.01661878
5669.8555,7.465779,10.062186,10.141006,0.01646993
5671.428,7.4846783,10.102748,10.137338,0.016322123
5673.0005,7.5035815,10.143299,10.133677,0.016175443
5674.5728,7.522494,10.183851,10.130022,0.016029842
5676.1455,7.541421,10.224418,10.126372,0.015885266
5677.718,7.560352,10.264975,10.12273,0.015741797
5679.29,7.579292,10.305533,10.119095,0.015599389
5680.863,7.5982475,10.346108,10.115464,0.015457988
5682.435,7.6172066,10.386673,10.111841,0.015317677
5684.0073,7.6361756,10.427241,10.108224,0.015178406
5685.58,7.6551604,10.467825,10.104612,0.015040127
5687.1523,7.6741495,10.508401,10.101007,0.014902918
5688.725,7.6931543,10.548992,10.097407,0.014766689
5690.2974,7.7121634,10.589577,10.093814,0.01463152
5691.8696,7.731183,10.630165,10.090226,0.01449736
5693.4424,7.750219,10.670771,10.086644,0.014364164
5695.0146,7.7692595,10.7113695,10.083068,0.014232009
5696.587,7.7883105,10.751974,10.079498,0.014100846
5698.1597,7.807379,10.792598,10.0759325,0.01397063
5699.732,7.826452,10.833214,10.072374,0.013841436
5701.304,7.845536,10.873837,10.068821,0.013713218
5702.877,7.864638,10.91448,10.065272,0.013585931
5704.449,7.883745,10.955117,10.06173,0.013459648
5706.022,7.9028697,10.995775,10.058192,0.013334285
5707.594,7.9220004,11.036428,10.054661,0.013209914
5709.1665,7.9411426,11.077089,10.051135,0.013086491
5710.7393,7.9603033,11.117772,10.047613,0.012963972
5712.3115,7.9794703,11.158451,10.044098,0.012842429
5713.884,7.998649,11.19914,10.040587,0.012721816
5715.4565,8.017847,11.23985,10.037081,0.012602093
5717.029,8.037051,11.280559,10.033581,0.012483327
5718.601,8.056269,11.321278,10.030086,0.012365476
5720.174,8.075505,11.36202,10.026595,0.0122485
5721.746,8.094749,11.4027605,10.023109,0.012132464
5723.3184,8.114007,11.443514,10.0196295,0.012017327
5724.891,8.133284,11.484291,10.016152,0.01190305
5726.4634,8.152569,11.525068,10.012682,0.011789697
5728.036,8.171873,11.56587,10.009214,0.011677193
5729.6084,8.191186,11.606673,10.0057535,0.011565603
5731.1807,8.210513,11.64749,10.002297,0.011454886
5732.7534,8.22986,11.688333,9.998844,0.011345004
5734.3257,8.249217,11.729177,9.995397,0.011236019
5735.898,8.268588,11.770038,9.991954,0.011127893
5737.4707,8.28798,11.810925,9.988515,0.011020587
5739.043,8.307382,11.851814,9.985081,0.010914163
5740.615,8.326798,11.89272,9.981651,0.010808582
5742.188,8.346237,11.933656,9.978225,0.010703809
5743.7603,8.365685,11.974594,9.974804,0.010599902
5745.333,8.385155,12.015563,9.971386,0.010496791
5746.9053,8.404635,12.056536,9.967974,0.010394539
5748.4775,8.424132,12.0975275,9.964565,0.010293105
5750.0503,8.443651,12.13855,9.961161,0.010192455
5751.6226,8.4631815,12.179578,9.957761,0.010092646
5753.195,8.482728,12.220624,9.954365,0.0099936435
5754.7676,8.502297,12.2617035,9.950972,0.009895411
5756.34,8.521879,12.30279,9.947584,0.009798006
5757.912,8.541477,12.343896,9.9442005,0.009701394
5759.485,8.5611,12.385035,9.940819,0.009605538
5761.057,8.580733,12.426183,9.937443,0.009510496
5762.63,8.600391,12.467363,9.934069,0.009416202
5764.202,8.620062,12.5085535,9.9307,0.009322712
5765.7744,8.6397505,12.549767,9.927335,0.0092299925
5767.347,8.659463,12.591013,9.923972,0.0091380095
5768.9194,8.679189,12.632271,9.920614,0.009046816
5770.4917,8.698933,12.673551,9.91726,0.008956379
5772.0645,8.718702,12.714867,9.913908,0.008866667
5773.6367,8.738485,12.756194,9.910561,0.008777731
5775.209,8.758287,12.797545,9.907217,0.008689539
5776.7817,8.778115,12.838934,9.903876,0.008602059
5778.354,8.797956,12.880335,9.900538,0.008515343
5779.927,8.817824,12.921773,9.897204,0.008429332
5781.499,8.837706,12.963224,9.893874,0.008344075
5783.0713,8.857607,13.004701,9.890547,0.008259541
5784.644,8.877535,13.046217,9.887221,0.008175702
5786.2163,8.897478,13.087747,9.883901,0.008092604
5787.7886,8.917441,13.129303,9.880583,0.008010217
5789.3613,8.937431,13.170898,9.877268,0.007928512
5790.9336,8.957437,13.212509,9.873956,0.007847537
5792.506,8.977463,13.254148,9.870647,0.0077672615
5794.0786,8.997517,13.295827,9.867341,0.0076876576
5795.651,9.017587,13.337522,9.8640375,0.007608771
5797.2236,9.0376835,13.379258,9.860737,0.007530548
5798.796,9.0577965,13.42101,9.85744,0.0074530346
5800.368,9.077931,13.462791,9.854146,0.007376202
5801.941,9.098095,13.504616,9.850854,0.007300023
5803.513,9.118274,13.546456,9.847565,0.0072245416
5805.0854,9.138475,13.588326,9.844279,0.0071497303
5806.658,9.158707,13.63024,9.840995,0.007075563
5808.2305,9.178953,13.672172,9.837714,0.0070020813
5809.8027,9.1992235,13.714134,9.834435,0.006929259
5811.3755,9.219522,13.756141,9.831159,0.0068570697
5812.9478,9.239839,13.798165,9.827886,0.0067855557
5814.5205,9.260183,13.840234,9.824614,0.006714669
5816.093,9.280546,13.882321,9.821345,0.0066444497
5817.665,9.300932,13.924441,9.818079,0.006574873
5819.238,9.321348,13.966607,9.814815,0.006505913
5820.81,9.341782,14.008791,9.811553,0.0064376104
5822.3823,9.362239,14.051008,9.808294,0.0063699395
5823.955,9.382726,14.093272,9.805037,0.006302877
5825.5273,9.403232,14.135555,9.801782,0.006236461
5827.0996,9.423761,14.177872,9.79853,0.0061706672
5828.6724,9.444322,14.220235,9.795278,0.006105473
5830.2446,9.464899,14.262619,9.792029,0.0060409144
5831.817,9.485502,14.305037,9.788783,0.005976969
5833.3896,9.506136,14.347501,9.785538,0.005913614
5834.962,9.526789,14.389987,9.782295,0.005850885
5836.5347,9.547472,14.432521,9.779054,0.0057887407
5838.107,9.568173,14.475075,9.775815,0.0057272166
5839.679,9.588901,14.517665,9.772578,0.00566629
5841.252,9.609659,14.560303,9.769342,0.0056059393
5842.824,9.630437,14.602962,9.766109,0.005546199
5844.3965,9.651239,14.645657,9.762877,0.0054870476
5845.969,9.672074,14.688399,9.759646,0.005428464
5847.5415,9.692927,14.731165,9.756418,0.0053704814
5849.114,9.713806,14.773966,9.753192,0.0053130793
5850.6865,9.734718,14.816815,9.749966,0.0052562365
5852.259,9.755649,14.859688,9.746742,0.0051999865
5853.8315,9.776611,14.90261,9.743519,0.0051442906
5855.404,9.797593,14.945554,9.740298,0.0050891815
5856.976,9.818601,14.988534,9.73708,0.005034638
5858.549,9.839642,15.031565,9.733861,0.0049806423
5860.121,9.860702,15.074617,9.730644,0.004927224
5861.6934,9.881788,15.117707,9.727429,0.004874364
5863.266,9.902907,15.160846,9.724214,0.0048220432
5864.8384,9.924046,15.204008,9.721002,0.0047702924
5866.4106,9.945211,15.247208,9.71779,0.004719092
5867.9834,9.966409,15.290457,9.714579,0.004668424
5869.5557,9.987627,15.33373,9.7113695,0.004618317
5871.1284,10.008878,15.377052,9.70816,0.004568738
5872.7007,10.0301485,15.420399,9.704953,0.004519715
5874.273,10.051446,15.463781,9.701747,0.00447123
5875.8457,10.072776,15.5072155,9.698541,0.004423266
5877.418,10.094127,15.550673,9.695336,0.00437585
5878.99,10.115504,15.594167,9.692133,0.004328965
5880.563,10.136914,15.6377125,9.68893,0.004282594
5882.1353,10.158345,15.681281,9.685728,0.0042367643
5883.7075,10.179802,15.724887,9.682528,0.004191458
5885.2803,10.201293,15.768543,9.679326,0.00414666
5886.8525,10.222804,15.812223,9.6761265,0.004102396
5888.4253,10.244349,15.855954,9.672927,0.004058635
5889.9976,10.265913,15.899709,9.669728,0.0040154024
5891.57,10.287505,15.9435005,9.666532,0.003972683
5893.1426,10.309131,15.987344,9.663334,0.003930461
5894.715,10.330776,16.03121,9.660137,0.003888761
5896.287,10.352448,16.075113,9.656941,0.0038475671
5897.86,10.374155,16.119068,9.653745,0.0038068653
5899.432,10.395882,16.163046,9.65055,0.0037666785
5901.0044,10.417635,16.207062,9.647355,0.0037269918
5902.577,10.439422,16.251127,9.64416,0.0036877913
5904.1494,10.461229,16.295218,9.640965,0.0036490993
5905.722,10.483071,16.339357,9.637772,0.0036108897
5907.2944,10.504932,16.383522,9.634578,0.0035731844
5908.8667,10.526821,16.427723,9.631384,0.0035359694
5910.4395,10.548744,16.471975,9.62819,0.0034992315
5912.0117,10.570687,16.51625,9.624997,0.0034629917
5913.584,10.592657,16.560562,9.621804,0.0034272366
5915.1567,10.61466,16.604925,9.61861,0.0033919534
5916.729,10.636684,16.649311,9.6154175,0.0033571625
5918.3013,10.658736,16.693735,9.612225,0.0033228507
5919.874,10.680821,16.738209,9.60903,0.003289006
5921.4463,10.702927,16.782705,9.605837,0.0032556474
5923.019,10.725065,16.827251,9.602643,0.0032227526
5924.5913,10.747225,16.871822,9.599449,0.0031903407
5926.1636,10.769411,16.916428,9.596255,0.0031583991
5927.7363,10.791632,16.961084,9.5930605,0.0031269167
5929.3086,10.813872,17.005766,9.589866,0.0030959114
5930.881,10.836141,17.050482,9.586671,0.0030653717
5932.4536,10.858442,17.09525,9.583475,0.0030352867
5934.026,10.880764,17.140038,9.58028,0.0030056734
5935.598,10.903112,17.184864,9.577084,0.0029765212
5937.171,10.925495,17.22974,9.573887,0.0029478192
5938.743,10.947898,17.274637,9.57069,0.002919584
5940.3154,10.970327,17.319572,9.5674925,0.002891805
5941.888,10.992791,17.364555,9.564293,0.0028644726
5943.4604,11.015275,17.409563,9.561094,0.0028376018
5945.033,11.037792,17.454618,9.557895,0.0028111748
5946.6055,11.060329,17.499697,9.554694,0.0027852065
5948.1777,11.082894,17.544811,9.551494,0.0027596871
5949.7505,11.105493,17.589975,9.548291,0.0027346078
5951.3228,11.128111,17.63516,9.545089,0.0027099825
5952.895,11.150756,17.680382,9.541885,0.002685802
5954.468,11.173434,17.725655,9.53868,0.002662058
5956.04,11.196133,17.770947,9.535475,0.0026387635
5957.6123,11.218859,17.816275,9.532269,0.00261591
5959.185,11.241618,17.861652,9.52906,0.0025934896
5960.7573,11.264397,17.907051,9.525852,0.0025715143
5962.33,11.2872095,17.9525,9.522642,0.0025499698
5963.9023,11.310042,17.997969,9.519431,0.0025288681
5965.4746,11.332902,18.043474,9.516219,0.0025082012
5967.0474,11.355795,18.089027,9.513005,0.002487962
5968.6196,11.378708,18.134604,9.509791,0.0024681613
5970.192,11.401648,18.180212,9.506576,0.002448792
5971.7646,11.424621,18.225872,9.503358,0.0024298471
5973.337,11.447613,18.271551,9.50014,0.0024113376
5974.909,11.470633,18.317266,9.496921,0.002393256
5976.482,11.493686,18.36303,9.493699,0.002375596
5978.054,11.516759,18.408813,9.490477,0.0023583674
5979.627,11.5398655,18.454647,9.487251,0.002341559
5981.199,11.562991,18.5005,9.484026,0.0023251793
5982.7715,11.5861435,18.546389,9.480799,0.0023092227
5984.344,11.609329,18.592325,9.477569,0.0022936836
5985.9165,11.632535,18.63828,9.474338,0.0022785703
5987.489,11.655767,18.684273,9.471106,0.002263877
5989.0615,11.679033,18.730312,9.46787,0.002249599
5990.634,11.702318,18.776373,9.464634,0.0022357435
5992.206,11.72563,18.822468,9.461396,0.0022223054
5993.779,11.748976,18.86861,9.458156,0.00220928
5995.351,11.772341,18.914774,9.454914,0.0021966745
5996.924,11.795739,18.960985,9.45167,0.0021844802
5998.496,11.819157,19.007215,9.448423,0.0021727039
6000.0684,11.842601,19.053482,9.445176,0.002161341
6001.641,11.866078,19.099794,9.441925,0.0021503873
6003.2134,11.889575,19.146128,9.438673,0.002139849
6004.7856,11.913099,19.192495,9.435419,0.0021297217
6006.3584,11.936656,19.23891,9.432162,0.002120002
6007.9307,11.960233,19.285345,9.428904,0.0021106952
6009.503,11.983835,19.331814,9.425642,0.0021017971
6011.0757,12.007471,19.37833,9.422379,0.002093305
6012.648,12.031127,19.424868,9.419112,0.0020852236
6014.2207,12.054815,19.471453,9.415843,0.0020775467
6015.793,12.078524,19.518055,9.412573,0.0020702789
6017.365,12.102258,19.564693,9.409299,0.002063417
6018.938,12.126026,19.611378,9.406022,0.0020569586
6020.5103,12.149814,19.658083,9.402744,0.0020509071
6022.0825,12.173627,19.70482,9.399463,0.0020452598
6023.6553,12.1974745,19.751608,9.396178,0.0020400148
6025.2275,12.221341,19.798412,9.392892,0.002035175
6026.8,12.245234,19.845251,9.389603,0.0020307377
6028.3726,12.269159,19.892138,9.38631,0.0020267018
6029.945,12.293105,19.939043,9.383015,0.002023069
6031.5176,12.317083,19.985996,9.379716,0.0020198366
6033.09,12.341082,20.032969,9.376414,0.0020170065
6034.662,12.365106,20.079975,9.373111,0.0020145772
6036.235,12.389164,20.127028,9.369802,0.0020125476
6037.807,12.41324,20.1741,9.366493,0.0020109187
6039.3794,12.437344,20.221205,9.363179,0.0020096893
6040.952,12.46148,20.268358,9.359862,0.0020088588
6042.5244,12.485636,20.31553,9.356543,0.0020084279
6044.0967,12.509818,20.362736,9.35322,0.0020083957
6045.6694,12.534034,20.409988,9.349893,0.0020087622
6047.2417,12.558269,20.45726,9.346563,0.0020095268
6048.8145,12.582537,20.50458,9.343229,0.0020106896
6050.3867,12.606824,20.551918,9.339892,0.00201225
6051.959,12.631137,20.599289,9.336553,0.002014208
6053.5317,12.655484,20.646708,9.333208,0.0020165641
6055.104,12.679851,20.694145,9.329861,0.002019317
6056.6763,12.704243,20.741613,9.32651,0.0020224666
6058.249,12.728669,20.789131,9.323154,0.0020260145
6059.8213,12.753114,20.836668,9.319797,0.0020299582
6061.3936,12.777585,20.884235,9.316435,0.0020342986
6062.9663,12.80209,20.931852,9.313067,0.0020390374
6064.5386,12.826613,20.979486,9.309697,0.002044171
6066.111,12.851163,21.027155,9.306324,0.0020497015
6067.6836,12.875747,21.07487,9.302945,0.0020556306
6069.256,12.900349,21.122602,9.299563,0.0020619542
6070.8286,12.924985,21.170382,9.296176,0.0020686765
6072.401,12.949639,21.21818,9.292786,0.0020757935
6073.973,12.97432,21.266012,9.2893915,0.0020833071
6075.546,12.999036,21.31389,9.285992,0.00209122
6077.118,13.023768,21.361786,9.282589,0.0020995275
6078.6904,13.048529,21.409716,9.2791815,0.0021082317
6080.263,13.073321,21.457691,9.275769,0.0021173358
6081.8354,13.098133,21.505684,9.272353,0.0021268344
6083.4077,13.122972,21.55371,9.268932,0.0021367304
6084.9805,13.147843,21.601784,9.265507,0.002147027
6086.5527,13.172733,21.649874,9.262076,0.0021577186
6088.1255,13.197658,21.698013,9.258641,0.0021688114
6089.6978,13.222601,21.746168,9.255202,0.0021802988
6091.27,13.247569,21.794355,9.251759,0.0021921848
6092.843,13.272572,21.84259,9.248308,0.0022044734
6094.415,13.297593,21.89084,9.244855,0.0022171568
6095.9873,13.322639,21.939125,9.241396,0.0022302398
6097.56,13.34772,21.987455,9.237931,0.0022437267
6099.1323,13.37282,22.035803,9.234463,0.0022576093
6100.7046,13.397945,22.084183,9.230989,0.002271892
6102.2773,13.423104,22.13261,9.2275095,0.0022865802
6103.8496,13.448281,22.181053,9.224026,0.0023016648
6105.4224,13.473493,22.229542,9.220535,0.002317156
6106.9946,13.498722,22.27805,9.217041,0.002333044
6108.567,13.523978,22.326588,9.213541,0.0023493348
6110.1396,13.549267,22.375172,9.210034,0.0023660334
6111.712,13.574574,22.423773,9.206523,0.0023831301
6113.284,13.599908,22.472406,9.203007,0.0024006306
6114.857,13.625276,22.521086,9.199484,0.0024185411
6116.429,13.6506605,22.56978,9.195956,0.0024368512
6118.0015,13.676072,22.618507,9.192423,0.0024555665
6119.574,13.701517,22.66728,9.188883,0.0024746938
6121.1465,13.72698,22.71607,9.185337,0.002494222
6122.719,13.752477,22.764904,9.181786,0.0025141635
6124.2915,13.777992,22.813755,9.178228,0.0025345068
6125.864,13.803533,22.862638,9.174665,0.0025552588
6127.4365,13.829107,22.911566,9.171095,0.0025764266
6129.009,13.8547,22.96051,9.16752,0.0025979977
6130.581,13.880319,23.009485,9.1639385,0.0026199794
6132.154,13.905971,23.058506,9.160349,0.0026423796
6133.726,13.931641,23.10754,9.156755,0.0026651851
6135.2983,13.957337,23.156607,9.153154,0.0026884035
6136.871,13.983067,23.205719,9.149547,0.002712043
6138.4434,14.008815,23.254847,9.145933,0.0027360898
6140.016,14.034596,23.30402,9.142312,0.0027605596
6141.5884,14.060395,23.353209,9.138685,0.002785438
6143.1606,14.086221,23.402428,9.135052,0.0028107334
6144.7334,14.112081,23.45169,9.131411,0.0028364551
6146.3057,14.137958,23.50097,9.127764,0.0028625878
6147.878,14.16386,23.55028,9.124109,0.0028891403
6149.4507,14.189797,23.599634,9.120447,0.002916122
6151.023,14.215752,23.649004,9.116779,0.0029435172
6152.595,14.241733,23.698404,9.113104,0.002971335
6154.168,14.267747,23.747849,9.109421,0.0029995856
6155.74,14.293779,23.79731,9.105731,0.0030282524
6157.313,14.319846,23.846813,9.102033,0.0030573541
6158.8853,14.345931,23.896334,9.098329,0.0030868738
6160.4575,14.372042,23.945883,9.094617,0.0031168216
6162.0303,14.398187,23.995478,9.090897,0.0031472081
6163.6025,14.424349,24.045088,9.087169,0.0031780156
6165.175,14.450538,24.094727,9.083434,0.0032092547
6166.7476,14.476762,24.144411,9.079691,0.0032409364
6168.32,14.503003,24.19411,9.07594,0.0032730422
6169.892,14.52927,24.24384,9.072183,0.0033055833
6171.465,14.5555725,24.293615,9.068415,0.0033385712
6173.037,14.581892,24.343405,9.064641,0.0033719866
6174.6094,14.608239,24.393223,9.060858,0.003405841
6176.182,14.634621,24.443089,9.057066,0.0034401466
6177.7544,14.66102,24.492968,9.0532675,0.0034748835
6179.327,14.687454,24.542892,9.049459,0.0035100742
6180.8994,14.713907,24.592833,9.045644,0.0035456987
6182.4717,14.740387,24.642801,9.04182,0.0035817688
6184.0444,14.766902,24.692818,9.037985,0.0036182979
6185.6167,14.793436,24.74285,9.034143,0.0036552646
6187.189,14.819996,24.79291,9.030293,0.0036926817
6188.7617,14.846593,24.843018,9.026433,0.0037305623
6190.334,14.873208,24.89314,9.022565,0.0037688843
6191.9062,14.899851,24.943295,9.018688,0.0038076616
6193.479,14.926529,24.993494,9.014801,0.0038469075
6195.0513,14.953227,25.043709,9.010905,0.0038865996
6196.624,14.97996,25.093971,9.007,0.003926764
6198.1963,15.006714,25.14425,9.003086,0.0039673774
6199.7686,15.033496,25.194561,8.999163,0.0040084533
6201.3413,15.060314,25.244917,8.995229,0.0040500076
6202.9136,15.0871525,25.295292,8.991286,0.0040920153
6204.486,15.114019,25.345697,8.987334,0.0041344916
6206.0586,15.1409235,25.396152,8.983371,0.004177451
6207.631,15.167848,25.446623,8.979399,0.004220869
6209.203,15.194801,25.497128,8.975417,0.004264761
6210.776,15.221793,25.54768,8.971424,0.004309142
6212.348,15.248805,25.598251,8.9674225,0.004353987
6213.921,15.275856,25.648872,8.963409,0.0043993257
6215.493,15.302928,25.69951,8.959387,0.004445132
6217.0654,15.3300295,25.750183,8.955354,0.004491421
6218.638,15.357171,25.800907,8.951309,0.00453821
6220.2104,15.384335,25.85165,8.947255,0.004585472
6221.7827,15.411529,25.902428,8.943191,0.004633223
6223.3555,15.438763,25.953259,8.939115,0.004681481
6224.9277,15.46602,26.004108,8.935028,0.0047302176
6226.5,15.493308,26.054995,8.93093,0.00477945
6228.0728,15.5206375,26.105934,8.926821,0.004829196
6229.645,15.547991,26.156895,8.922701,0.004879426
6231.218,15.575385,26.20791,8.918569,0.0049301744
6232.79,15.602804,26.258947,8.914427,0.0049814116
6234.3623,15.630256,26.310022,8.910273,0.0050331554
6235.935,15.65775,26.361155,8.906106,0.005085425
6237.5073,15.68527,26.41231,8.901929,0.00513819
6239.0796,15.712824,26.463505,8.89774,0.0051914686
6240.6523,15.740421,26.514757,8.8935375,0.00524528
6242.2246,15.768045,26.566034,8.889325,0.005299594
6243.797,15.795705,26.617355,8.8851,0.0053544287
6245.3696,15.823408,26.668734,8.880861,0.0054098046
6246.942,15.85114,26.72014,8.876612,0.005465689
6248.5146,15.878917,26.771605,8.872348,0.0055221203
6250.087,15.906722,26.8231,8.868073,0.005579065
6251.659,15.934565,26.87464,8.863786,0.005636544
6253.232,15.962455,26.92624,8.859485,0.0056945775
6254.804,15.990375,26.977873,8.855172,0.0057531325
6256.3765,16.018333,27.029552,8.850845,0.005812229
6257.949,16.046339,27.081295,8.846505,0.005871889
6259.5215,16.074377,27.13307,8.842153,0.0059320787
6261.0938,16.102455,27.184896,8.837787,0.005992818
6262.6665,16.130583,27.236788,8.8334055,0.0060541295
6264.239,16.158743,27.288715,8.829012,0.0061159786
6265.8115,16.186954,27.34071,8.824604,0.0061784056
6267.384,16.2152,27.392742,8.820183,0.0062413756
6268.956,16.243488,27.444826,8.815748,0.006304911
6270.529,16.271828,27.496983,8.811297,0.0063690334
6272.101,16.300205,27.549177,8.806834,0.006433707
6273.6733,16.328625,27.601427,8.802357,0.0064989557
6275.246,16.3571,27.653751,8.797863,0.0065648016
6276.8184,16.385612,27.706118,8.793356,0.0066312077
6278.3906,16.41417,27.758543,8.788835,0.0066981977
6279.9634,16.442785,27.811043,8.784296,0.0067657954
6281.5356,16.471437,27.863588,8.779744,0.0068339626
6283.108,16.50014,27.916197,8.775178,0.006902723
6284.6807,16.528898,27.968884,8.770594,0.0069721024
6286.253,16.5577,28.021616,8.765996,0.0070420606
6287.8257,16.58656,28.074432,8.761381,0.0071126446
6289.398,16.61546,28.127296,8.756752,0.0071838135
6290.97,16.644413,28.180227,8.752107,0.0072555933
6292.543,16.673428,28.233244,8.747444,0.00732801
6294.115,16.702486,28.286312,8.742767,0.0074010226
6295.6875,16.731598,28.339449,8.738073,0.007474656
6297.2603,16.760775,28.392675,8.733361,0.0075489385
6298.8325,16.789995,28.445955,8.728634,0.0076238266
6300.405,16.819273,28.49931,8.72389,0.0076993476
6301.9775,16.848616,28.552755,8.719129,0.007775529
6303.55,16.878006,28.606258,8.714351,0.007852327
6305.1226,16.907465,28.659857,8.709554,0.007929794
6306.695,16.936972,28.713514,8.7047415,0.008007885
6308.267,16.966537,28.76725,8.699911,0.008086627
6309.84,16.996174,28.821083,8.695062,0.0081660515
6311.412,17.02586,28.874979,8.690196,0.008246112
6312.9844,17.055609,28.928959,8.685311,0.008326836
6314.557,17.085428,28.983036,8.680408,0.008408254
6316.1294,17.115303,29.037182,8.675487,0.00849032
6317.7017,17.145239,29.091413,8.6705475,0.008573064
6319.2744,17.17525,29.145748,8.665587,0.008656514
6320.8467,17.205317,29.200151,8.66061,0.008740624
6322.4194,17.235456,29.254662,8.655613,0.008825451
6323.9917,17.265656,29.309244,8.650597,0.008910947
6325.564,17.295921,29.363916,8.645561,0.008997141
6327.1367,17.326263,29.418697,8.640505,0.009084067
6328.709,17.356665,29.473553,8.63543,0.009171674
6330.2812,17.387135,29.528503,8.630336,0.009259994
6331.854,17.417685,29.583565,8.625218,0.009349059
6333.4263,17.448296,29.638706,8.620083,0.009438819
6334.9985,17.47898,29.693941,8.614927,0.0095293075
6336.5713,17.509743,29.749292,8.609748,0.009620555
6338.1436,17.54057,29.804726,8.60455,0.009712512
6339.7163,17.571478,29.860273,8.599329,0.00980524
6341.2886,17.602451,29.915905,8.594089,0.009898686
6342.861,17.6335,29.971638,8.588825,0.0099928845
6344.4336,17.66463,30.027489,8.58354,0.010087869
6346.006,17.69583,30.083426,8.578233,0.010183588
6347.578,17.727102,30.139465,8.572905,0.010280074
6349.151,17.758463,30.195625,8.567552,0.010377362
6350.723,17.78989,30.251875,8.562178,0.0104754
6352.2954,17.821394,30.30823,8.556781,0.010574221
6353.868,17.852987,30.364706,8.551359,0.010673862
6355.4404,17.88465,30.421272,8.545916,0.010774268
6357.013,17.916399,30.477964,8.540446,0.010875505
6358.5854,17.948217,30.534744,8.534956,0.010977517
6360.1577,17.980118,30.591635,8.529441,0.0110803405
6361.7305,18.012108,30.64865,8.5239,0.011184014
6363.3027,18.044168,30.705755,8.518335,0.011288479
6364.875,18.07631,30.762972,8.512747,0.011393773
6366.4478,18.108541,30.820314,8.507132,0.011499936
6368.02,18.140844,30.877748,8.5014925,0.011606907
6369.5923,18.17323,30.935293,8.495828,0.011714725
6371.165,18.205706,30.992966,8.490136,0.011823431
6372.7373,18.238255,31.05073,8.48442,0.011932963
6374.31,18.270895,31.108622,8.478675,0.012043394
6375.8823,18.303608,31.166605,8.472906,0.012154665
6377.4546,18.336403,31.224697,8.46711,0.012266814
6379.0273,18.36929,31.282919,8.461285,0.012379883
6380.5996,18.40225,31.34123,8.455435,0.01249381
6382.172,18.435291,31.399652,8.449556,0.012608634
6383.7446,18.468426,31.4582,8.443648,0.0127244005
6385.317,18.501633,31.516838,8.437714,0.012841042
6386.889,18.53492,31.575583,8.431751,0.012958603
6388.462,18.5683,31.634453,8.425757,0.013077127
6390.034,18.601751,31.693413,8.419737,0.013196546
6391.6064,18.635284,31.752476,8.413687,0.013316905
6393.179,18.66891,31.811665,8.407605,0.013438248
6394.7515,18.702602,31.870937,8.401496,0.013560508
6396.324,18.736387,31.930332,8.395354,0.013683768
6397.8965,18.770243,31.98981,8.389183,0.013807958
6399.4688,18.804176,32.04939,8.382982,0.013933124
6401.0415,18.8382,32.10909,8.376747,0.014059313
6402.614,18.872292,32.168865,8.370483,0.014186454
6404.186,18.906462,32.228745,8.364186,0.014314594
6405.759,18.940718,32.288734,8.357856,0.01444378
6407.331,18.975042,32.3488,8.351495,0.014573942
6408.9033,19.009441,32.40896,8.345101,0.014705125
6410.476,19.043926,32.46923,8.338673,0.01483738
6412.0483,19.078476,32.529575,8.3322115,0.014970631
6413.621,19.11311,32.590023,8.325715,0.015104972
6415.1934,19.147806,32.650543,8.319186,0.015240325
6416.7656,19.182573,32.711147,8.312623,0.015376742
6418.3384,19.217424,32.77185,8.306022,0.015514272
6419.9106,19.252333,32.83262,8.299388,0.015652841
6421.483,19.287313,32.893467,8.292718,0.015792497
6423.0557,19.32237,32.954414,8.28601,0.015933294
6424.628,19.357487,33.015415,8.279268,0.016075153
6426.2,19.392668,33.076492,8.272489,0.016218126
6427.773,19.427925,33.137657,8.26567,0.016362268
6429.345,19.463238,33.198875,8.258815,0.016507499
6430.918,19.498623,33.260178,8.251921,0.016653916
6432.49,19.53406,33.32153,8.244989,0.016801437
6434.0625,19.569557,33.382942,8.238019,0.01695012
6435.6353,19.605127,33.444435,8.231007,0.017100018
6437.2075,19.640745,33.505966,8.223957,0.017251048
6438.78,19.67642,33.56756,8.216867,0.01740327
6440.3525,19.712164,33.629223,8.209735,0.017556733
6441.925,19.747952,33.690918,8.202563,0.017711358
6443.497,19.783796,33.752666,8.19535,0.0178672
6445.07,19.819704,33.81448,8.188092,0.01802432
6446.642,19.855652,33.876324,8.180794,0.018182628
6448.215,19.891665,33.938225,8.17345,0.018342232
6449.787,19.927715,34.000153,8.166066,0.018503046
6451.3594,19.963816,34.06212,8.158637,0.018665127
6452.932,19.999975,34.12414,8.151162,0.018828537
6454.5044,20.036171,34.18618,8.143643,0.018993186
6456.0767,20.072414,34.248257,8.13608,0.019159136
6457.6494,20.108713,34.31038,8.128468,0.019326447
6459.2217,20.145046,34.372513,8.120811,0.019495027
6460.794,20.181423,34.434677,8.113108,0.019664938
6462.3667,20.217854,34.496883,8.105355,0.019836247
6463.939,20.254314,34.559097,8.097556,0.020008855
6465.5117,20.290829,34.621357,8.089705,0.020182883
6467.084,20.327374,34.683617,8.081809,0.020358235
6468.6562,20.363958,34.745895,8.073862,0.020534972
6470.229,20.400593,34.808212,8.065862,0.020713165
6471.8013,20.437258,34.87053,8.057814,0.020892713
6473.3735,20.47396,34.932865,8.049713,0.021073684
6474.9463,20.510714,34.99523,8.041558,0.021256147
6476.5186,20.547493,35.0576,8.033354,0.021439997
6478.091,20.58431,35.11998,8.025095,0.021625306
6479.6636,20.621178,35.182392,8.01678,0.021812145
6481.236,20.658072,35.2448,8.008412,0.022000406
6482.8086,20.695015,35.307243,7.999987,0.022190223
6484.381,20.731985,35.36968,7.9915085,0.022381486
6485.953,20.768995,35.432125,7.9829726,0.022574268
6487.526,20.806055,35.49461,7.974377,0.022768645
6489.098,20.843142,35.557083,7.965726,0.022964505
6490.6704,20.88027,35.619576,7.9570165,0.023161922
6492.243,20.917448,35.6821,7.9482446,0.023360971
6493.8154,20.954659,35.74462,7.939415,0.023561543
6495.3877,20.991909,35.80716,7.930525,0.02376371
6496.9604,21.029217,35.869736,7.92157,0.023967551
6498.5327,21.066555,35.932312,7.912555,0.024172952
6500.105,21.103941,35.99491,7.9034777,0.02437999
6501.6777,21.141384,36.05755,7.894333,0.02458874
6503.25,21.178864,36.120197,7.8851266,0.02479909
6504.8228,21.216406,36.182888,7.8758516,0.025011182
6506.395,21.25399,36.24559,7.866513,0.0252249
6507.9673,21.291626,36.308327,7.857107,0.025440322
6509.54,21.32933,36.37112,7.8476305,0.02565753
6511.1123,21.36708,36.43393,7.838088,0.025876403
6512.6846,21.404892,36.49678,7.8284755,0.026097022
6514.2573,21.442778,36.559696,7.8187895,0.02631947
6515.8296,21.480717,36.62264,7.809035,0.026543627
6517.402,21.518724,36.68564,7.7992077,0.026769571
6518.9746,21.556814,36.748714,7.7893043,0.02699739
6520.547,21.594967,36.81183,7.7793293,0.027226955
6522.1196,21.63321,36.87503,7.7692766,0.027458427
6523.692,21.67152,36.938282,7.7591505,0.027691673
6525.264,21.709915,37.001614,7.748947,0.027926782
6526.837,21.748411,37.065044,7.7386622,0.028163843
6528.409,21.786987,37.128544,7.7283015,0.028402722
6529.9814,21.825659,37.192135,7.7178607,0.028643506
6531.554,21.86444,37.255844,7.707335,0.028886288
6533.1265,21.903318,37.31964,7.6967306,0.029130934
6534.6987,21.942305,37.38355,7.686043,0.02937753
6536.2715,21.981417,37.447598,7.6752667,0.02962617
6537.8438,22.020636,37.511753,7.6644087,0.029876715
6539.4165,22.059992,37.576065,7.6534605,0.030129338
6540.989,22.099466,37.640495,7.642428,0.030383894
6542.561,22.139074,37.70508,7.631306,0.03064048
6544.134,22.178837,37.76984,7.620091,0.030899188
6545.706,22.218733,37.834747,7.6087875,0.031159874
6547.2783,22.258783,37.899834,7.597391,0.031422637
6548.851,22.299006,37.965126,7.585898,0.031687573
6550.4233,22.33938,38.03059,7.5743127,0.03195453
6551.9956,22.379929,38.09626,7.562631,0.03222361
6553.5684,22.420668,38.162163,7.5508485,0.03249491
6555.1406,22.461584,38.22827,7.53897,0.032768276
6556.7134,22.502707,38.29464,7.5269876,0.0330439
6558.2856,22.544018,38.361233,7.514907,0.033321615
6559.858,22.585539,38.42808,7.502723,0.033601534
6561.4307,22.62729,38.495224,7.490431,0.03388375
6563.003,22.669254,38.562622,7.478037,0.03416811
6564.575,22.711454,38.630318,7.4655347,0.034454715
6566.148,22.75391,38.698338,7.45292,0.03474367
6567.72,22.796606,38.76666,7.440199,0.03503481
6569.2925,22.839563,38.835308,7.427366,0.03532824
6570.865,22.882803,38.904324,7.414415,0.03562407
6572.4375,22.92631,38.973675,7.401353,0.03592213
6574.0103,22.97012,39.043423,7.3881702,0.036222614
6575.5825,23.014217,39.11353,7.374873,0.036525358
6577.155,23.058624,39.18404,7.3614564,0.036830466
6578.7275,23.103365,39.254982,7.3479133,0.037138052
6580.3,23.14842,39.326332,7.3342514,0.03744794
6581.872,23.193819,39.398125,7.320464,0.037760235
6583.445,23.239582,39.470398,7.3065457,0.038075052
6585.017,23.285692,39.543118,7.292503,0.038392212
6586.5894,23.332178,39.616325,7.2783294,0.03871182
6588.162,23.37906,39.69006,7.264019,0.039033998
6589.7344,23.426325,39.764282,7.249579,0.039358553
6591.307,23.47401,39.83906,7.2349987,0.039685704
6592.8794,23.522097,39.914364,7.2202845,0.04001526
6594.4517,23.570612,39.990227,7.20543,0.04034734
6596.0244,23.619581,40.066685,7.1904287,0.040682055
6597.5967,23.668985,40.14371,7.175288,0.04101921
6599.169,23.71885,40.221336,7.1600013,0.041358925
6600.7417,23.769201,40.2996,7.1445613,0.041701317
6602.314,23.820019,40.378468,7.128976,0.04204619
6603.886,23.871328,40.457977,7.113238,0.042393655
6605.459,23.923151,40.538162,7.09734,0.042743832
6607.0312,23.97547,40.61898,7.0812902,0.043096524
6608.604,24.02832,40.700497,7.065076,0.04345195
6610.1763,24.081684,40.782673,7.048705,0.04380991
6611.7485,24.135582,40.865536,7.032171,0.044170517
6613.3213,24.190037,40.949123,7.015465,0.044533897
6614.8936,24.24502,41.033382,6.998595,0.044899836
6616.466,24.300552,41.118343,6.981555,0.04526845
6618.0386,24.356659,41.204037,6.9643354,0.045639873
6619.611,24.413307,41.290417,6.946945,0.046013873
6621.183,24.470518,41.377502,6.9293766,0.046390582
6622.756,24.528309,41.465324,6.9116216,0.046770122
6624.328,24.586643,41.553818,6.893688,0.047152266
6625.9004,24.645533,41.643,6.8755684,0.04753714
6627.473,24.704996,41.73289,6.8572536,0.04792487
6629.0454,24.764996,41.823433,6.8387527,0.04831522
6630.618,24.825562,41.914665,6.8200517,0.048708446
6632.1904,24.88665,42.00652,6.801159,0.049104303
6633.7627,24.948265,42.099,6.7820663,0.049502924
6635.3354,25.010416,42.19211,6.762765,0.049904436
6636.9077,25.073051,42.285774,6.7432632,0.050308593
6638.48,25.136179,42.379997,6.7235527,0.050715525
6640.0527,25.199808,42.474785,6.7036247,0.051125366
6641.625,25.263878,42.570053,6.6834884,0.051537868
6643.1973,25.328392,42.665794,6.663134,0.05195316
6644.77,25.393345,42.762,6.6425524,0.05237137
6646.3423,25.458681,42.858585,6.6217537,0.05279225
6647.915,25.524416,42.955566,6.6007214,0.053216066
6649.4873,25.59049,43.052856,6.579466,0.053642552
6651.0596,25.6569,43.15044,6.557977,0.054071844
6652.6323,25.723644,43.248314,6.5362453,0.05450408
6654.2046,25.790653,43.34637,6.514281,0.054938998
6655.777,25.857925,43.444614,6.492073,0.05537673
6657.3496,25.925457,43.543026,6.4696126,0.055817425
6658.922,25.993185,43.641514,6.44691,0.056260806
6660.494,26.061102,43.740063,6.423955,0.056707013
6662.067,26.129208,43.838676,6.400737,0.057156198
6663.639,26.197443,43.937252,6.3772664,0.05760808
6665.212,26.26583,44.03583,6.3535266,0.058062945
6666.784,26.334305,44.13432,6.329528,0.058520526
6668.3564,26.402874,44.232716,6.3052607,0.05898096
6669.929,26.471539,44.33102,6.280713,0.059444405
6671.5015,26.540243,44.42915,6.255897,0.05991058
6673.0737,26.609,44.527122,6.230802,0.06037964
6674.6465,26.677826,44.624966,6.205417,0.06085174
6676.2188,26.746674,44.7226,6.1797543,0.061326616
6677.791,26.815557,44.820045,6.153802,0.061804414
6679.364,26.884495,44.917324,6.127549,0.062285304
6680.936,26.95344,45.01437,6.1010094,0.062769
6682.509,27.022448,45.11126,6.074162,0.06325583
6684.081,27.091488,45.207943,6.047021,0.06374552
6685.6533,27.160595,45.304466,6.019575,0.06423826
6687.226,27.229805,45.40088,5.9918118,0.06473421
6688.7983,27.299086,45.497128,5.963746,0.06523311
6690.3706,27.368473,45.59327,5.935366,0.06573513
6691.9434,27.43802,45.68936,5.9066596,0.06624049
6693.5156,27.507717,45.785393,5.8776417,0.06674891
6695.088,27.57762,45.881435,5.8483005,0.067260616
6696.6606,27.647789,45.977566,5.818625,0.06777581
6698.233,27.718212,46.073765,5.7886295,0.06829424
6699.8057,27.788973,46.17014,5.758294,0.068816274
6701.378,27.860071,46.266685,5.727634,0.06934167
6702.95,27.931591,46.36351,5.6966376,0.069870666
6704.523,28.003618,46.46072,5.6652937,0.070403524
6706.095,28.076172,46.558334,5.63362,0.07094002
6707.6675,28.149338,46.656464,5.601603,0.07148041
6709.24,28.223206,46.755215,5.569232,0.07202495
6710.8125,28.297792,46.854607,5.536525,0.07257341
6712.385,28.373219,46.954792,5.5034695,0.07312611
6713.9575,28.449612,47.05592,5.4700556,0.07368336
6715.53,28.527029,47.15805,5.4363017,0.07424498
6717.1025,28.605621,47.26138,5.402186,0.074811466
6718.675,28.685444,47.36596,5.367728,0.07538263
6720.247,28.766626,47.471954,5.332917,0.07595877
6721.82,28.84933,47.57955,5.2977414,0.076540306
6723.392,28.933668,47.688877,5.262223,0.077127084
6724.9644,29.019827,47.80015,5.2263503,0.07771952
6726.537,29.108002,47.913605,5.190113,0.07831801
6728.1094,29.1983,48.029354,5.1535335,0.07892243
6729.6816,29.290913,48.147625,5.116601,0.07953318
6731.2544,29.386066,48.26868,5.0793037,0.08015072
6732.8267,29.48393,48.3927,5.041667,0.080774985
6734.399,29.58476,48.51997,5.00368,0.081406474
6735.9717,29.688818,48.650787,4.965334,0.082045704
6737.544,29.796263,48.785313,4.926653,0.08269259
6739.1167,29.907389,48.92389,4.887615,0.083347864
6740.689,30.022408,49.066734,4.8482466,0.08401144
6742.261,30.141565,49.214108,4.8085384,0.084683925
6743.834,30.265036,49.36617,4.768481,0.08536593
6745.4062,30.392874,49.52294,4.728102,0.08605745
6746.9785,30.52525,49.68458,4.687393,0.08675909
6748.5513,30.662338,49.851257,4.6463447,0.0874715
6750.1235,30.804193,50.02298,4.604985,0.088194646
6751.696,30.950777,50.199635,4.563306,0.088929206
6753.2686,31.101723,50.380753,4.5212994,0.0896759
6754.841,31.256512,50.56567,4.478996,0.090434775
6756.4136,31.414818,50.753956,4.4363737,0.09120676
6757.986,31.576113,50.944942,4.393465,0.09199189
6759.558,31.740002,51.13812,4.3502607,0.09279088
6761.131,31.905684,51.332504,4.3067527,0.0936045
6762.703,32.072327,51.52713,4.262974,0.094432786
6764.2754,32.239384,51.721363,4.218917,0.095276535
6765.848,32.406307,51.914562,4.1745744,0.09613655
6767.4204,32.57239,52.10592,4.129979,0.097012825
6768.9927,32.73709,52.2948,4.085124,0.097906165
6770.5654,32.899918,52.480656,4.0400004,0.098817416
6772.1377,33.060722,52.663353,3.9946442,0.09974655
6773.7104,33.219757,52.84319,3.9490333,0.10069469
6775.2827,33.37708,53.020252,3.9032028,0.10166179
6776.855,33.53289,53.19479,3.8571453,0.102648675
6778.4277,33.687397,53.367043,3.8108532,0.10365621
6780.0,33.840725,53.537174,3.764362,0.1046843
